<?xml version="1.0" encoding="UTF-8" ?>
<module>
    <name>proconfigurator</name>
    <displayName><![CDATA[Pro Configurator]]></displayName>
    <version><![CDATA[2.0.0]]></version>
    <description><![CDATA[Advanced product configurator with custom attributes, conditional logic, and dynamic pricing.]]></description>
    <author><![CDATA[Antigravity]]></author>
    <tab><![CDATA[front_office_features]]></tab>
    <is_configurable>1</is_configurable>
    <need_instance>0</need_instance>
</module>